time,eta_linear,eta_superharmonic,eta_subharmonic,eta_nonlinear,phi_linear,phi_superharmonic,phi_subharmonic,phi_nonlinear,u_linear,u_superharmonic,u_subharmonic,u_nonlinear,w_linear,w_superharmonic,w_subharmonic,w_nonlinear
0,-0.000601735731461448,-2.56624919737183e-08,0.00218626040769527,0.00158449901374185,-0.00817263671679434,1.43077932066375e-06,-2.34740766625974,-2.35557887219721,-0.000396623452908626,-2.78930215410936e-09,0.00157984178777127,0.00118321554556049,-0.000229871500913216,1.48723001256674e-08,-1.19970810981852e-06,-0.000231056336722909
3.669864,-5.31603205078197e-05,7.35817689011258e-09,0.00218538845797018,0.00213223549563925,0.00649724090235193,-2.23202993389549e-07,-2.41498154186178,-2.40848452416242,0.000112872152433883,-3.67704740030823e-09,0.00157906216834437,0.00169193064373085,0.000307233618624391,9.4331305992598e-10,4.23941226417819e-07,0.000307658503163869
7.339728,-0.000153156884384586,1.11312486457945e-09,0.00218734177235357,0.00203418600109385,-0.00256529516898051,4.43090184760593e-07,-2.48257529300576,-2.48514014508456,-1.51069074591861e-06,-3.20985598386937e-09,0.00158081835839823,0.00157930445779633,-0.000204999252125522,5.60203089119257e-10,1.34895344157785e-06,-0.000203649738480855
11.009592,-0.000136508299447071,7.70047369498726e-10,0.00218882596301375,0.00205231843361405,0.000440825487660024,-2.9873600285066e-07,-2.55023292620618,-2.54979239945452,3.72589457813098e-05,-1.0461844585953e-09,0.00158215449209312,0.00161941239168997,0.000148545570525711,6.43219725030617e-10,-1.50284969613954e-08,0.000148531185248474
14.679456,-6.38542229493947e-05,1.1150483273706e-09,0.00218729342607854,0.00212344031817747,-0.00473214454602183,-3.62430474892584e-08,-2.61788980679031,-2.62262198757937,1.47992726592368e-05,-1.36145802079439e-11,0.00158077803590758,0.00159557729495224,-0.000102652378818296,5.68789587714923e-10,-1.36664627616934e-06,-0.000104018456304878
18.34932,9.93943384939138e-05,-4.44864531100297e-09,0.00218533854343428,0.00228472843328289,-0.00536567210988829,-2.67887257889678e-08,-2.68548175252955,-2.69084745142817,8.7437074751588e-05,1.662824128258e-09,0.00157901985560566,0.00166645859318137,8.70126882954815e-05,1.99750835751203e-10,-3.79918349314762e-07,8.66329696970025e-05
22.019184,-8.3554051469115e-05,1.33442376386437e-09,0.00218632690776158,0.00210277419071622,-0.00855641617731332,1.07978702406986e-09,-2.75305549409234,-2.76161190918987,-8.86361730378206e-05,-1.37963497872339e-09,0.00157991195263266,0.00149127439995986,-0.000173894572256441,2.25824463856938e-09,1.27474693100234e-06,-0.0001726175670808
25.689048,-7.86004609704602e-05,-4.63278636195129e-09,0.00218857189052733,0.00210996679677051,0.00117727143195124,-5.95967522094082e-08,-2.82068956024834,-2.81951234841315,-9.72909252302796e-05,3.22162636443602e-10,0.00158194271517274,0.00148465211210509,0.00012020537631117,-2.78042074897188e-09,7.17941985617022e-07,0.000120920537876038
29.358912,3.88693955235293e-05,-2.40313624360607e-11,0.00218811697592119,0.00222698634741336,0.0037446046757312,2.30286177658346e-08,-2.88835759444083,-2.88461296673648,-4.96413786681376e-05,-8.57267921054499e-10,0.00158154854108468,0.00153190630514862,-4.72697298562726e-05,-3.84723740455426e-10,-1.16498054901569e-06,-4.84350951290288e-05
33.028776,0.000132693414409885,1.10812726041067e-09,0.00218556530507592,0.00231825982761306,0.00609967984456274,5.05499685317375e-08,-2.95597016619197,-2.94987043579744,4.3679094956717e-05,-2.40041565943571e-09,0.0015792631470682,0.00162293984160926,7.8105027038349e-05,1.09678023028241e-09,-1.13468098343914e-06,7.69714428351401e-05
36.69864,-0.000106056347070532,-9.88977702306717e-10,0.00218520683748667,0.00207914950143843,0.00482716111359012,-9.24142093128321e-10,-3.02352846505492,-3.01870130486547,-8.1178025014699e-05,1.45108846248512e-09,0.00157894732517316,0.00149777075124692,-0.000114273487009668,3.65597131845156e-11,8.37779597606001e-07,-0.000113435670852349
40.368504,-3.61935887342109e-05,-1.4253571179254e-09,0.00218767920915079,0.00215148419505947,0.0101634003293616,-1.24937233367018e-08,-3.09112594001948,-3.08096255218384,1.38726282018729e-05,-6.13566758741441e-09,0.0015811840559838,0.00159505054851809,0.000155970895536471,7.91523134376736e-10,1.39109514614574e-06,0.000157362782205751
44.038368,0.000110017620954497,3.70847627951739e-10,0.00218870817372176,0.00229872616552388,0.00338085991807917,-5.94633508535197e-10,-3.15878902119571,-3.15540816187227,0.000109894962989573,1.79244834807324e-09,0.00158212702868358,0.0016920237841215,-4.33752070347282e-05,8.64637332901527e-10,-5.00314357026639e-07,-4.38746567544219e-05
47.708232,0.000127263027527703,5.64517800300879e-11,0.00218636551333338,0.00231362859731287,-0.00357620782315943,-2.90717453085888e-10,-3.2264283287986,-3.23000453691247,0.000142086686619076,2.78791179665367e-09,0.00158002784365117,0.00172211731818204,2.58422599762648e-05,4.5690817246344e-10,-1.64114928054857e-06,2.42015676038887e-05
51.378096,-0.000147385377468812,1.4247405437532e-09,0.0021845309086196,0.00203714695589133,-0.00858862466372321,5.76054875835441e-09,-3.29398998053416,-3.30257859943734,-6.16590148686037e-05,-2.37470117196131e-09,0.00157837202005716,0.00151671063048738,-0.0001310271581759,1.66978381536203e-09,-1.2816966026039e-08,-0.000131038305358111
55.04796,2.69100981768785e-05,-4.95863311857956e-09,0.00218636372866136,0.00221326886820512,-0.00417202781506641,-4.73030227303836e-08,-3.36155124183192,-3.36572331695001,1.95984771041443e-05,3.86570034361928e-09,0.00158001633541613,0.00159961867822062,0.000137379470769852,6.46687858495522e-10,1.65982865225503e-06,0.000139039946109966
58.717824,0.000174745741360199,4.32800388764979e-10,0.00218876270061547,0.00236350887477606,-0.00906852511463441,5.13831291051609e-08,-3.42919134337643,-3.43825981710793,4.37286121699998e-05,-5.16042524305952e-10,0.00158218312416548,0.00162591122029296,-9.51959368730308e-05,-2.2308043868084e-09,4.69322144941048e-07,-9.47288455324765e-05
62.387688,8.99014836780416e-05,8.98286657526524e-11,0.00218752672657702,0.00227742830008373,-0.00787735623406882,2.66964078357575e-08,-3.49685366567995,-3.50473099521761,-2.65308650748934e-05,-1.19136054543015e-09,0.00158108332791479,0.00155455127147935,-8.27782847807256e-06,-7.56207921452716e-10,-1.6077553305722e-06,-9.88634001656621e-06
66.057552,-0.000177938822483847,1.14535935630998e-09,0.0021846502642878,0.00200671258716331,-0.000993327381595464,-5.09927039483408e-08,-3.56443959389291,-3.56543297226721,-0.000225468125156905,4.5498482457281e-09,0.00157849622959387,0.00135303265428521,-8.88775064135726e-05,6.54576500187189e-10,-9.69563846779915e-07,-8.98464156838523e-05
69.727416,0.000118891783140071,-5.00485420559407e-09,0.00218507829550013,0.002303965073786,0.0105496730182035,1.27677199446792e-07,-3.63197946207023,-3.62142966137483,-2.18139813758763e-05,-9.43499295007252e-09,0.00157887750677557,0.00155705409040674,0.000191612830016864,-1.10132293984268e-09,1.36467462864315e-06,0.000192976403322567
73.39728,0.000222306880057103,1.93793162474293e-09,0.00218813267144691,0.00241044148943563,0.00639282639310038,-2.95302421397852e-10,-3.6995841461942,-3.6931913200964,5.3968637701318e-05,1.42245365731233e-11,0.0015816372822288,0.00163560593415466,-8.90235113301251e-05,1.20423913694759e-09,1.33408218640774e-06,-8.76882249045804e-05
77.067144,1.65862714428726e-05,-4.99175697635322e-11,0.00218841927692229,0.00220500549844759,0.00658866460553532,-1.4179262180959e-09,-3.76725214437345,-3.76066348118584,-3.55717939333151e-06,3.10234386975019e-10,0.00158192376322554,0.0015783668940666,1.82760315875575e-05,1.47964635299753e-10,-1.15392912598464e-06,1.71222504262082e-05
80.737008,-0.000188661653934964,1.7689812424834e-09,0.00218510732133518,0.00199644743638146,0.00876080919059682,-1.42601021273879e-08,-3.83486495993296,-3.82610416500246,-0.00010450151047898,-2.82361296841048e-09,0.00157897023775148,0.00147446590365953,-2.48831036280242e-05,-1.43935620091142e-09,-1.83899119025367e-06,-2.67235341744788e-05
84.406872,0.000235689046162045,-2.22325037548576e-09,0.0021836770400335,0.00241936386294516,0.00830747473352479,8.122148533746e-08,-3.90238943597206,-3.89408188001705,0.000196681040704034,4.43438049885691e-10,0.00157770117888567,0.00177438266302775,0.00019625687707331,9.62064563659302e-09,6.10901477782482e-07,0.000196877399196729
88.076736,0.000230026655007848,-1.65818775153352e-09,0.00218661445464847,0.00241663945146857,-0.00807408711135218,-1.77662133325406e-08,-3.96994151794216,-3.97801562281973,0.000175046275398102,2.89442335950481e-09,0.00158037047238846,0.00175541964220992,-0.000168853477764163,-5.51214540123393e-09,2.05549081962921e-06,-0.000166803499089935
91.7466,-8.57641775074265e-05,9.32914963886996e-10,0.00218881870421,0.00210305545961754,-0.0111759512881049,-8.47131065726316e-09,-4.0375901247178,-4.04876608447722,-2.01752570331447e-05,-8.56980538170452e-10,0.00158239488183052,0.00156221876781684,-2.2213392011097e-05,9.51231032005387e-10,-1.46754013676786e-07,-2.23591947937418e-05
95.416464,-0.000162067626538319,5.02864485151812e-10,0.00218612925308566,0.00202406212941182,-0.00697110401678451,-1.07200066888991e-07,-4.1052314635815,-4.11220267479836,-0.000139175963305483,5.05521869116934e-09,0.00158000660773107,0.00144083569964428,-1.84230510916881e-05,5.83791708906848e-10,-2.36528793606931e-06,-2.07877552360485e-05
99.086328,0.00038110094355155,-2.6293586741977e-09,0.00218275327878317,0.00256385159297605,-0.00506892579318054,2.26398776548898e-07,-4.17276066750266,-4.17782936689706,0.000154691078272659,3.63527918805241e-09,0.0015769718892554,0.00173166660280725,0.000152267596020549,-2.22654685177881e-10,-6.87260564612663e-07,0.000151580112801251
102.756192,0.000187560485727011,-2.41558844996367e-09,0.00218441121943429,0.00237196928957285,-0.0133972911370956,1.35164577598639e-09,-4.24025725850448,-4.25365454828993,-2.54138897514815e-05,-1.05159911311264e-08,0.00157845848075439,0.00155303407501178,-0.000243465814480972,-6.43174337191938e-10,2.20297479636544e-06,-0.000241263482858944
106.426056,-0.000201792158107922,1.34947628375536e-09,0.00218836811134573,0.0019865773027141,-0.000703769401690256,-7.47138449288124e-08,-4.30785812636774,-4.30856197048328,-0.000254748651418798,6.00266878419251e-09,0.00158203526168633,0.00132729261293632,3.00076626515074e-05,-1.85124814784461e-09,1.32846862792961e-06,3.13342800312892e-05
110.09592,-6.42408106511477e-05,-4.8281438140714e-09,0.00218773051509431,0.00212348487629934,0.0134738321551063,2.87344273030904e-08,-4.37552178037614,-4.36204791948661,-0.000187569965099832,-5.56865523131063e-09,0.00158148692016757,0.00139391138641251,8.31579636600914e-05,-6.16128309078152e-09,-1.96462653231515e-06,8.11871758446855e-05
113.765784,0.000538268805684976,9.91193713111117e-09,0.00218333482632289,0.002721613543945,0.0135671337653725,2.96240339988564e-07,-4.44309233111012,-4.42952490110441,0.00024062337083349,-6.21478458917173e-09,0.0015775287803956,0.0018181459364445,0.000163808779877968,1.19592465125305e-08,-2.00430863746929e-06,0.000161816430487011
117.435648,7.31836437828912e-05,-9.90942539332414e-09,0.00218270800102353,0.00225588173538103,0.00130316315357455,-1.17564340743294e-07,-4.51056847268604,-4.50926542709681,-5.14659359016913e-06,4.80299443058692e-09,0.00157693777456229,0.00157179598396655,-0.000265066732687107,-8.54209835581945e-10,1.44187453507649e-06,-0.000263625712361867
121.105512,-0.00031336290646502,3.58778800657199e-09,0.00218709736281189,0.00187373804413488,0.0108842485712553,-4.52309339943024e-08,-4.57811412555147,-4.56722992221115,-0.00016097776127037,-7.96515259999618e-09,0.00158088564134501,0.00141989991492204,0.000121985592027107,-4.799791997809e-09,2.4111204949507e-06,0.00012439191273006
124.775376,0.000112934307154051,-4.35506513104584e-09,0.00218879690944392,0.00230172686153284,0.0118622172314421,6.22491275477606e-08,-4.64577489987744,-4.63391262039687,9.42278149163535e-05,-3.15662769606201e-09,0.00158246054020924,0.0016766851984979,0.000133682719208022,8.33120006205519e-09,-1.03983754572019e-06,0.000132651212862364
128.44524,0.000679182492761877,1.23223971882334e-08,0.00218428218309927,0.00286347699825834,-0.0064258286420233,2.70571496306488e-08,-4.71338558720896,-4.71981138879383,0.000465212341529399,2.79206518495181e-08,0.00157845581343454,0.00204369607561579,4.61407020925478e-05,-7.86151969424692e-10,-3.04941571699735e-06,4.3090500223581e-05
132.115104,-0.000147786697210142,-1.19778326973951e-08,0.00218088904285811,0.00203309036781527,-0.0234824756166062,1.98883556794949e-07,-4.78084900877502,-4.80433128550807,-9.2647342874382e-05,-2.41525793136953e-08,0.00157544609094181,0.00148277459548811,-0.000381041606671501,3.6670811126574e-09,1.39696730074264e-07,-0.000380898242860314
135.784968,-0.000389219042352159,3.51712680722424e-10,0.00218452282185298,0.00179530413121351,-0.00579595517140803,-4.17119094403943e-07,-4.84831571196788,-4.85411208425838,-0.000273268429743421,1.2463302023122e-08,0.00157877663191279,0.00130552066547139,0.000183908614986176,-4.15802844001119e-09,3.20057799586466e-06,0.000187105034953601
139.454832,0.000400019189694334,-9.79888604045556e-09,0.00218881655872584,0.00258882594953413,-0.00158361577750473,3.39375156836315e-07,-4.91593178877642,-4.91751506517877,9.74230962367622e-05,5.07547067572044e-09,0.00158274648356547,0.00168017465527291,0.000128164018519461,-1.63423606453492e-09,4.73580067176839e-07,0.000128635964350573
143.124696,0.000759491205246654,1.55287176091403e-08,0.00218540106006142,0.00294490779402568,-0.0151433709892049,1.51008716769846e-07,-4.98356918453413,-4.99871240451462,0.000300732129159929,-1.23199905318814e-08,0.00157978150396224,0.00188050131313164,-9.7256055983007e-05,-1.21945764527015e-08,-3.81420057150605e-06,-0.000101082451130966
146.79456,-0.000485925219986881,9.64240900608292e-10,0.00217886788044555,0.00169294362469957,-0.0118086782924785,-3.72414037725584e-09,-5.05102463398696,-5.06283331600358,-0.00050045712949666,1.40704820705643e-08,0.00157395613169631,0.00107351307268172,-0.000385168948804844,2.89555277293422e-08,-2.10882125962813e-06,-0.000387248814536743
150.464424,-0.000359229555191779,-2.99670412120127e-08,0.00217996326789229,0.0018207037456593,0.0252675888795385,-2.12483106188533e-07,-5.11837794741327,-5.09311057101684,-0.000382093910755577,-2.44651217251556e-08,0.00157496742492965,0.00119284904905235,0.000417376488689628,-3.43512292455115e-08,3.2359537937883e-06,0.000420578091254171
154.134288,0.000824843231908542,2.13978152528734e-08,0.00218701789515712,0.00301188252488091,0.0235462781597826,8.35013710929746e-07,-5.18588187868652,-5.16233476551303,0.000342234424141134,-1.24706773356672e-08,0.00158138147710421,0.00192360343056801,0.000179978433659898,2.73869212750691e-08,3.13978525374386e-06,0.000183145605834917
157.804152,0.00071436485671667,-7.59082438383199e-10,0.00218773896010706,0.00290210305774129,-0.0028878498679251,-7.02582496844159e-07,-5.253532801951,-5.25642135440142,0.000398218765317641,2.52298417000817e-08,0.00158211055630484,0.00198035455146419,-0.000235419658740144,-1.35571589223797e-08,-2.65533782410228e-06,-0.000238088553723168
161.474016,-0.000961404194729552,2.46839075620848e-08,0.00218016870857354,0.00121878919775155,0.00108207190428468,4.40463356349622e-07,-5.32105857289412,-5.31997606052648,-0.000583305075600894,6.59934733377672e-09,0.00157528399968949,0.000991985523435929,-0.000320192442392147,1.05313209365646e-08,-4.3075768254421e-06,-0.000324489487896653
165.14388,-0.000135167713855361,-6.06755515939358e-08,0.00217708114764531,0.00204185275823835,0.0300982784841353,-9.74816089286695e-08,-5.38838423853501,-5.35828605753248,-2.47763790137137e-05,-5.99459072994143e-08,0.00157238227886875,0.00154754595394774,0.000661661705013482,1.37430005441449e-08,1.43236767389185e-06,0.000663107815687918
168.813744,0.0014024819336526,5.92029902527703e-08,0.0021842874726511,0.00358682860929396,-0.00425505908234697,1.68390638993532e-07,-5.45578412723145,-5.46003901792316,0.000857295406664385,9.19064743717343e-08,0.00157877401088532,0.00243616132402408,2.08604237037038e-05,1.33332595778614e-09,4.79597908586351e-06,2.56577361155251e-05
172.483608,0.000401620461229048,-6.79965892928792e-08,0.00218942067324681,0.00259097313788657,-0.0451684663702321,2.42489073285741e-09,-5.52341622994705,-5.56858469389239,0.000272326693770392,-6.98072020309293e-08,0.00158343688208612,0.00185569376865448,-0.000581714222862699,-4.1325543064576e-08,-5.31135083875874e-07,-0.000582286683489639
176.153472,-0.00159617624959923,1.26470008930255e-07,0.00218265747061941,0.000586607691029106,-0.0176078143281908,-6.89937668860975e-07,-5.59102234109599,-5.60863084536185,-0.00106752052466614,7.14005795537514e-08,0.0015774627517595,0.000510013627672907,-0.000225995359324461,4.12770983377711e-08,-5.54001738290309e-06,-0.000231494099609026
179.823336,0.000455694602486843,-1.82401117865948e-07,0.00217503011128649,0.00263054231265547,0.0253306360601477,1.05920530122627e-06,-5.6583588591899,-5.63302716392446,9.61092367362287e-05,-4.61717508064857e-08,0.00157068883349184,0.00166675189847726,0.000942310410011202,1.40041249043669e-08,-8.59915377002016e-07,0.000941464498759104
183.4932,0.00212829267939548,1.39499571016128e-07,0.00218026075262427,0.00430869293159076,-0.0219442727397542,3.7524089449392e-07,-5.72564620024077,-5.74759009773963,0.000999220936555727,4.50094142307832e-09,0.00157554694702428,0.00257477238452143,-0.000286173896257009,-7.52212018582357e-08,5.70787583444101e-06,-0.000280541241624426
187.163064,-0.000400641005918219,-1.05970830129955e-07,0.00218895475106491,0.00178820777431657,-0.0424881269642542,2.26063134361843e-07,-5.79319907194204,-5.83568697284316,-0.000466709847912939,-5.83351297490007e-08,0.00158371681644166,0.00111694863339897,-0.00090730334109914,1.01397437017957e-07,1.31370813306384e-06,-0.000905888235529058
190.832928,-0.00237702145349065,1.4096079267868e-07,0.00218235350419769,-0.00019452698850028,0.0379642689923638,-3.9070079188054e-06,-5.86081050724427,-5.82285014525983,-0.00172212992606722,1.70697824380284e-07,0.00157824988806629,-0.00014370934017655,0.000270647369286285,-1.81709402520244e-07,-8.29282501238543e-06,0.000262172834871379
194.502792,0.00177113282660747,-1.7051021511147e-07,0.00216641200622951,0.00393737432262186,0.0775373534706633,8.92611735855667e-06,-5.92801809552588,-5.85047181593786,0.000865455208227245,-2.75557956807203e-07,0.00156433214200736,0.00242951179227779,0.00146585033897836,2.90775059999614e-07,-6.03314541790686e-06,0.00146010796862045
198.172656,0.00299296918351605,1.46397826082699e-07,0.00216575058992739,0.00515886617126952,-0.0273306761015689,-8.28739833199611e-06,-5.99491650665414,-6.02225547015404,0.00169630199263516,2.08340245371341e-07,0.00156416498106293,0.00326067531394346,-0.000867405228537179,-2.64096655865436e-07,6.49297004993772e-06,-0.000861176355143107
201.84252,-0.00219988503180172,-1.09297973937729e-07,0.00218149110172036,-1.8503228055296e-05,-0.04475468176549,6.51826491638398e-06,-6.06209282520852,-6.1068409887091,-0.00122746012245518,-4.63272135023048e-08,0.00157893467692008,0.000351428227251399,-0.00132170053213021,2.51923253062609e-07,8.27814873278933e-06,-0.00131317046014436
205.512384,-0.00323092803882246,1.08925783036704e-08,0.00218505613079909,-0.00104586101544507,0.0783710695233513,-1.02974287268481e-05,-6.12964041108126,-6.05127963898663,-0.00195603558007354,-1.83978845155447e-07,0.00158273514065756,-0.000373484418261133,0.0012169708562234,-4.78964735415189e-07,-5.84623333729501e-06,0.00121064565815069
209.182248,0.0046294995598269,3.48150461829734e-07,0.00216585509810534,0.00679570280839407,0.0577006491315203,1.64092693643856e-05,-6.1969142681199,-6.13919720971902,0.00278849383928772,5.33338521822755e-07,0.00156545883772058,0.00435448601553013,0.00194201447809901,9.40810188517311e-07,-1.29538794548211e-05,0.00193000140883271
212.852112,0.00389184055602731,-9.28462578235723e-07,0.00215377923168266,0.00604469132513173,-0.148964926252224,-1.66734260651859e-05,-6.26360745858679,-6.41258905826508,0.00234772308788684,-6.92205113117158e-07,0.00155380109896173,0.00390083198173546,-0.0024566518132295,-1.24617378806893e-06,6.460262851576e-07,-0.00245725196073241
216.521976,-0.00638102906541555,1.56670585447684e-06,0.00217075789482531,-0.00420870446473576,-0.0944755892623632,2.00692820143774e-05,-6.33038145348854,-6.42483697346888,-0.00383299983953986,6.68407251608605e-07,0.00156809362350549,-0.00226423780878276,-0.00205682161248303,1.40943506298143e-06,1.34616208658359e-05,-0.00204195055655421
220.19184,-0.00409905091977535,-2.60269940707345e-06,0.00219043856688212,-0.00191121505230031,0.170847945354997,-4.20827861112237e-05,-6.39783135748166,-6.22702549491278,-0.00295492868179974,-9.71748394610442e-07,0.00158522916142154,-0.00137067126877281,0.00340216520436903,-1.81454283446605e-06,4.225701883481e-06,0.00340457636341804
223.861704,0.0115096193948559,4.29886724364731e-06,0.00218287404449965,0.0136967923065991,0.0554106613678446,6.98517244981604e-05,-6.46548794606131,-6.41000743296896,0.00634551436960701,2.34557992305284e-06,0.00157798511844749,0.00792584506797756,0.00278375978779821,2.2563319480726e-06,-8.85474184762817e-06,0.00277716137789866
227.531568,0.00503326557479479,-6.90393113191769e-06,0.00217079742889749,0.00719715907256036,-0.315642415360981,-5.77263686205691e-05,-6.53272655755034,-6.84842669927994,0.00274757997343759,-4.99189148586032e-06,0.00156630538172842,0.00430889346368014,-0.00606765568097999,-2.51266748624406e-06,-5.84434097884565e-07,-0.00607075278256412
231.201432,-0.0175018299073824,1.17348463913251e-05,0.00218574088155037,-0.0153043541794407,-0.0308892691057026,2.07512193678643e-05,-6.59999303434962,-6.63086155223595,-0.0105796839913396,8.89745032647678e-06,0.00157923220848377,-0.0089915543325294,-0.00337386473701095,3.52434555103314e-06,8.12752282795646e-06,-0.00336221286863196
234.871296,-0.00640516335870874,-2.18372515273848e-05,0.00219078892963793,-0.0042362116805982,0.571856638678013,-3.49647903726007e-05,-6.66774095348667,-6.09591927959903,-0.00468671680134742,-1.52895726386136e-05,0.00158541545827312,-0.00311659091571291,0.0094977003075165,-6.85942446988746e-06,-1.5685066680981e-05,0.00947515581636563
238.54116,0.0308014928461637,3.94157628049057e-05,0.00213161543492895,0.0329725240438976,0.11124257382156,0.000151459539633877,-6.73469394785949,-6.6232999144983,0.017728401593989,2.4738838078204e-05,0.00153811583183367,0.0192912562639009,0.00605167688028546,1.26997022816821e-05,-3.93638902091781e-05,0.00602501269235797
242.211024,0.0122120971990705,-6.52227669689569e-05,0.00205771365012574,0.0142045880822272,-0.908857427599184,-0.00031835463690674,-6.79929799299968,-7.70847377523577,0.00797907259838419,-3.79553393090603e-05,0.00148510136466083,0.00942621862373596,-0.0155667714380605,-2.07941216558509e-05,-5.79317019674966e-06,-0.0155933587299131
245.880888,-0.0501009442769119,0.000105957428091189,0.00205783585454346,-0.0479371509942772,-0.187485759895424,0.000624848597186526,-6.86261294776677,-7.04947385906501,-0.0284093464131766,6.18646586945565e-05,0.00151190858286614,-0.0268355731716159,-0.011256547861925,3.8119694248104e-05,2.80972357818673e-05,-0.0111903309318951
249.550752,-0.0286655452478132,-0.0001773847305363,0.00202468848262009,-0.0268182414957294,1.62773036523901,-0.001493037157897,-6.92592160834974,-5.29968428026862,-0.0182215558870282,-0.000111528772595944,0.00152714199493096,-0.0168059426646932,0.0244378376073366,-8.4676316315552e-05,-7.79477439424984e-05,0.0242752135470785
253.220616,0.0854999096661036,0.000294598951684139,0.00168030487087277,0.0874748134886605,0.615331770980128,0.00332909532094301,-6.98388415273697,-6.3652232864359,0.048478541368621,0.000194784635617282,0.00128294859894275,0.0499562746031811,0.0249568056158363,0.000193241326113402,-0.000278029134433662,0.0248720178075161
256.89048,0.0737560174437243,-0.000438547671838499,0.0010186622006019,0.0743361319724877,-2.92037096457728,-0.00688715729261229,-7.02548856099834,-9.95274668286823,0.0435730916111651,-0.000273852653356166,0.000794200685163868,0.0440934396429728,-0.0345681206787732,-0.000411503497370136,-0.00027526624029097,-0.0352548904164343
260.560344,-0.115119079307052,0.000438334235161965,0.000428865873206306,-0.114251879198684,-2.38339778832922,0.0166935443110223,-7.0463903388231,-9.4130945828413,-0.0620919432284624,0.00020899196406641,0.000508604680867774,-0.0613743465835282,-0.0565511550595707,0.000852811492395375,-7.76812585293648e-05,-0.0557760248257047
264.230208,-0.231423949250795,0.000329510554674404,-0.000348912610848421,-0.231443351306969,4.68347888866326,-0.0454663905469859,-7.04805672429764,-2.41004422618137,-0.135287181898618,0.000385310250219318,0.00042635109041429,-0.134475520557985,0.0152272206757517,-0.0018634399153156,-0.000676880019394993,0.0126869007410411
267.900072,0.184402178005043,-0.00327813215955083,-0.00374673342703141,0.17737731241846,7.89557072007632,0.122594270194735,-6.99326266976548,1.02490232050558,0.078496305533437,-0.0024278312866075,-0.0013067010101876,0.0747617732366419,0.209552231506007,0.00477228939225061,-0.00364384273082133,0.210680678167436
271.569936,0.699927775990343,0.00770307716466872,-0.0140664515208589,0.693564401634153,-11.0377027110755,-0.327848445673157,-6.73677183016268,-18.1023229869113,0.436720746158741,0.00578945839953299,-0.00832520900631925,0.434184995551955,-0.0770815333916034,-0.0142545578206681,-0.00931064369118905,-0.100646734903461
275.2398,-0.748080765624374,-0.00086830269192882,-0.0340162363649523,-0.782965304681255,-15.7427273722783,0.716538516466919,-6.01433988612923,-21.0405287419406,-0.416019067888588,-0.00233584128563088,-0.023213665193231,-0.44156857436745,-0.539846559071872,0.0349844035289805,-0.0151661875495784,-0.52002834309247
278.909664,-0.966020493974501,-0.0339525528239819,-0.0603366105992179,-1.0603096573977,28.6595821831022,-1.21148865180857,-4.56221849411511,22.8858750371785,-0.64808465034177,-0.0202056186171027,-0.0437216122140221,-0.712011881172895,0.608400314615567,-0.0631903180089239,-0.0167265925163171,0.528483404090326
282.579528,1.88805505615634,0.128234754829659,-0.0831637414964392,1.93312606948956,9.82522560547073,1.20580011179771,-2.32452197594944,8.706503741319,1.17820681969632,0.0846585586918341,-0.0620025411456023,1.20086283724255,0.387343292558139,0.0648270133996782,-0.0109952509935892,0.441175054964228
286.249392,-0.0466510206261878,-0.16428286489512,-0.0913557832077394,-0.302289668729047,-41.1491902124136,0.276308853679512,0.412747575172269,-40.4601337835619,-0.0271811693862956,-0.110894153097189,-0.0689080992631473,-0.206983421746632,-1.11036842759035,0.0143233392325316,0.000408096340780932,-1.09563699201704
289.919256,-1.84711558901605,0.103566504939844,-0.0802702279959227,-1.82381931207213,11.6329801967054,-1.07320868829216,3.10416409438468,13.6639356027979,-1.16282527356548,0.0690255292569905,-0.0604822354418554,-1.15428197975035,0.458256714875329,-0.0602629783545031,0.0117351145162434,0.409728851037069
293.58912,1.12207363103144,-0.0215767444091647,-0.0553557356865596,1.04514115093572,25.4515356656153,1.27462356993321,5.21720441305928,31.9433636486078,0.756091256403025,-0.0117209350298131,-0.0410470547149004,0.703323266658312,0.548529882129605,0.0684097925995548,0.0172379101974702,0.63417758492663
297.258984,0.485208220236259,-0.0240574925008181,-0.0282499884952768,0.432900739240164,-17.2304715326638,-0.55377607438561,6.4995914709897,-11.2846561360597,0.247568643499569,-0.0180644338889275,-0.0200206597270593,0.209483549883582,-0.612538277922416,-0.0265264101300271,0.0153272368224151,-0.623737451230028
300.928848,-0.681989595198767,0.013159125734227,-0.00881705854741755,-0.677647528011958,-5.18488154711004,0.109494454434036,7.04878801919275,1.97340092651675,-0.423722862169108,0.00904916167695846,-0.005320275441452,-0.419993975933601,0.0912854032055186,0.00311771460842284,0.00909955416490644,0.103502671978848
304.598712,0.0526278105986362,-0.00281001731212308,0.000142016959997963,0.0499598102465111,6.09972565256974,-0.0181444451365711,7.16258443203713,13.2441656394703,0.0700540188317429,-0.00174435916509484,0.000981891222859276,0.0692915508895073,0.12525990496073,8.50036012771269e-05,0.00317957011801207,0.128524478680019
308.268576,0.0871182731276016,0.000151738605754122,0.00199468998509844,0.0892647017184542,1.78752569434563,0.00687020771676336,7.12114156977567,8.91553747183806,0.0361759258095101,0.000106998288276536,0.00182006715712485,0.0381029912549115,-0.0275775662199875,0.000200298853283995,0.000167287041806827,-0.0272099803248967
311.93844,0.0783299162866431,0.000347129652281444,0.00156852434324693,0.0802455702821714,-0.962920621681576,-0.0023969651668477,7.06657797667352,6.1012603898251,0.0503608169358689,0.000223903575374788,0.00116511364082552,0.0517498341520692,-0.0048482643041,-0.000184287210723804,-0.0002992320656106,-0.0053317835804344
315.608304,-0.0433314541316323,-0.00028738444926308,0.00148472087235403,-0.0421341177085413,-2.08750986682606,0.00311562718279088,7.02179475489964,4.93740051525637,-0.027406154620315,-0.000195831745324944,0.0010298824408374,-0.0265721039248025,-0.0399014632247049,0.000208463431277816,9.05395469185799e-05,-0.0396024602465085
319.278168,-0.0620323424063473,0.000110008997445666,0.00189037976443512,-0.0600319536444665,0.567475227130338,-0.00249035310483856,6.97020254861852,7.53518742264402,-0.0351311757073312,7.34514883181592e-05,0.00137040702768715,-0.0336873171913259,0.0257716184799206,-0.000128486215320664,0.000233523442842945,0.0258766557074429
322.948032,0.0285756013741024,-4.71978173245707e-05,0.00217365652999504,0.0307020600867728,0.988140569603438,0.00112633499877897,6.9067167152979,7.89598361990012,0.0182125395922406,-2.75466206345707e-05,0.00159829556805359,0.0197832885396596,0.0124816536184546,5.12144968856417e-05,8.56108639782428e-05,0.0126184789793185
326.617896,0.0281531182094876,3.20522976042741e-05,0.00218044351158673,0.0303656140186786,-0.260499313753797,-0.000452057648050248,6.83907855195629,6.57812718055444,0.0153597239583997,1.65162401352833e-05,0.00158471899243838,0.0169609591909734,-0.00876698371541907,-2.19217329100358e-05,-2.55472715310881e-05,-0.00881445271986019
330.28776,-0.0106669998105501,-2.40915183508244e-05,0.00213845153428207,-0.00855263979461887,-0.572235883739628,0.0002425714575433,6.77253479740412,6.20054148512204,-0.00651982793757163,-1.31142103159087e-05,0.00153834398599196,-0.00499459816189558,-0.00915454651878611,1.30155323728662e-05,-8.74977207556132e-06,-0.00915028075848881
333.957624,-0.0206972783942691,1.72770197964356e-05,0.00216625580372192,-0.0185137455707508,0.149395870107709,-0.000132685568573982,6.7061426033669,6.85540578790603,-0.0120138639862077,1.10819973944454e-05,0.0015602378764856,-0.0104425441123276,0.00444000134975501,-8.72097469108257e-06,1.90902721391193e-05,0.00445037064720305
337.627488,0.00687858796129845,-1.06433970070278e-05,0.00219233511318941,0.00906027967748083,0.419814476961965,6.23289791045401e-05,6.63866245707957,7.05853926302064,0.00463932635783788,-8.00078677862549e-06,0.00158251524756595,0.00621384081862521,0.00718155060493339,5.92213926331664e-06,1.79027133355398e-06,0.00718926301553026
341.297352,0.0125582772771819,5.02006095461544e-06,0.00217221151281309,0.0147355088509496,-0.0800678906258662,-5.33573056420184e-05,6.57113702384373,6.49101577591222,0.00773256590738559,4.21463083994926e-06,0.00156542989337089,0.00930221043159642,-0.00394709534683469,-4.11157839164244e-06,-1.11066134302393e-05,-0.00396231353865657
344.967216,-0.00650874004193865,-2.1482458489083e-06,0.00215731193232421,-0.00435357635546335,-0.213335164054079,6.42580247678679e-05,6.50431854552054,6.29104763949123,-0.00361118179234837,-1.66977494245397e-06,0.00155466692085373,-0.0020581846464371,-0.00381692670668636,2.60516698248572e-06,5.75513829010057e-06,-0.00380856640141378
348.63708,-0.00812365338758134,1.60195836869162e-06,0.0021771996688449,-0.00594485176036775,0.091819037534212,-6.16774426635745e-05,6.43738844638202,6.52914580647356,-0.00423243520687038,6.18248109822352e-07,0.00157456288643761,-0.00265725407232295,0.00255757052033153,-1.84547446774321e-06,1.51590676081293e-05,0.00257088411347192
352.306944,0.00467610516163459,-1.23018343429607e-06,0.00219073246502076,0.00686560744322106,0.129883042193178,4.06234236415075e-05,6.36980679843901,6.49973046405583,0.00324391535154798,-2.10236479484486e-07,0.00158707206303887,0.00483077717810736,0.00277495752800543,1.72290591782673e-06,-2.62292782559647e-06,0.00277405750609766
355.976808,0.00456178510343354,3.43439872055324e-07,0.00217003651587054,0.00673216505917613,-0.120040903665339,-2.25230199922854e-05,6.30235231361807,6.18228888693274,0.00289027700062177,-1.31607049122822e-07,0.00156819126372531,0.00445833665729796,-0.00271475616104979,-1.45015344223925e-06,-1.63619370011529e-05,-0.00273256825149319
359.646672,-0.00459557924844132,9.43520802295045e-08,0.00214893610341862,-0.00244654879294247,-0.110058383156991,1.25710262415841e-05,6.23566916186366,6.12562334973291,-0.00273452242353688,3.925830038545e-08,0.00154941744515456,-0.00118506572008194,-0.00120302573084514,9.33857948872869e-07,-3.05105373248145e-06,-0.00120514292662875
363.316536,-0.00295097698605774,-9.34372111446028e-08,0.00216093915296274,-0.000790131270306142,0.0544691346520434,-1.01559252215113e-05,6.16914287413089,6.22360185285771,-0.00168951500731128,1.9840820826648e-07,0.00156056411407063,-0.000128752485032383,0.00150810487687176,-5.38845552051772e-07,1.44272534066878e-05,0.0015219932847264
366.9864,0.00310654271367423,1.6488553323711e-07,0.00218513657321129,0.00529184417241876,0.0513875241872308,8.16142343414155e-06,6.10195042140928,6.15334610701994,0.00180099033585004,-6.05248121947761e-08,0.00158207841003273,0.00338300822107058,0.00109150934925533,3.51551677198074e-07,9.32404774787575e-06,0.0011011849486804
370.656264,0.00140459781868141,-3.78255883408774e-07,0.00218607212234937,0.00359029168514737,-0.0588337338863224,-5.24428705236178e-06,6.03432101665131,5.97548203847794,0.00077932581580209,-2.32705043050179e-07,0.00158215060293096,0.00236124371369,-0.00171652760212367,-1.91509242366232e-07,-6.61870899817111e-06,-0.00172333782036421
374.326128,-0.00317964313315136,3.48216887986893e-07,0.00217029218567863,-0.00100900273058475,-0.00624785950212975,4.37919811726821e-06,5.96699142646497,5.96074794616096,-0.00188675318689354,3.31447120941687e-07,0.00156727798138978,-0.000319143758382815,-9.74977017489126e-05,7.14797607524547e-08,-7.45283705063306e-06,-0.000104879059038793
377.995992,-0.000899200799414291,-1.58856569565444e-07,0.00216841643345001,0.00126905677746616,0.0737225228867948,-4.93175469359415e-06,5.8999898772904,5.9737074684225,-0.000345309938901588,-2.19032882156082e-07,0.00156521055665092,0.00121968158486717,0.00102160075889437,-1.27866298639655e-07,4.69522494443886e-06,0.00102616811754017
381.665856,0.0020918556808903,1.1216094038742e-07,0.0021831530330475,0.00427512087487819,0.0339021138982206,2.45350666846776e-06,5.83274302889489,5.86664759629977,0.0014801444028883,1.14882195129007e-07,0.00157814774002456,0.00305840702510799,0.000391406079987558,1.51690026881548e-07,8.13459981376497e-06,0.000399692369828205
385.33572,2.18386479297898e-06,-1.69868369421714e-07,0.00219016714645076,0.00219218114287432,-0.0394887918103068,9.66948021024652e-07,5.76510034194226,5.72561251707998,0.00027158015816995,-9.6178605542352e-08,0.00158411594185944,0.00185559992142384,-0.00118378367751526,-7.01390265421326e-08,-9.99446866741241e-07,-0.00118485326340854
389.005584,-0.00212526346040772,1.48074694863451e-07,0.00218137060829912,5.62552225862605e-05,-0.0017253072243253,-2.42744334592059e-06,5.69750729288772,5.69577955822005,-0.000995181203032657,1.36113929998089e-08,0.00157603412340338,0.000580866531763721,0.000287472635033837,-1.99751706668541e-08,-5.88763665954007e-06,0.00028156502320363
392.675448,4.40778448757206e-05,-1.05079749439685e-07,0.00217511912457979,0.00221909188970607,0.0208753084645924,4.53684522066274e-08,5.63020025739411,5.65107561122716,0.000279847635709241,-1.17039957938715e-08,0.00157047660261265,0.0018503125343261,0.000506172259007431,3.27773566515365e-08,5.69391331764652e-07,0.000506774427695847
396.345312,0.00128902854627592,8.73746987791852e-08,0.00218232762191501,0.00347144354288971,-0.0202171398203955,7.39939242887116e-07,5.56287034416419,5.54265394428304,0.000904489165047081,6.40276445319759e-08,0.00157705160889749,0.0024816048015891,-2.48726904257163e-05,-2.4750564440714e-08,5.77168637548829e-06,-1.91257546146687e-05
400.015176,-0.000582121243833041,-8.52569571559775e-08,0.00218963122834598,0.00160742472755579,-0.0487201322902151,2.38548360974106e-07,5.49526703631531,5.44654714257346,-0.000308965641155237,-1.04850173181538e-07,0.00158358626954266,0.00127451577821424,-0.000834875297598414,5.98517163063463e-08,8.32509905961004e-07,-0.000833982935976147
403.68504,-0.00131843749499442,2.88975084372769e-08,0.00218458140357296,0.00086617280608698,0.000812647355383235,-9.48354589634363e-07,5.4276243697503,5.4284360687511,-0.000807856714656569,7.91733582170096e-08,0.00157899353966276,0.000771215998364413,0.000441117945500764,-4.79216349666622e-08,-5.13932362877616e-06,0.000435930700237021
407.354904,0.000417520213815085,-8.58579849303922e-09,0.0021764487701163,0.00259396039813289,0.0169521819887459,3.72108732466397e-07,5.36022845431002,5.3771810084075,0.000211131085082843,-1.86219045499517e-08,0.00157175048096928,0.00178286294414758,0.000232823252554319,1.95372751335318e-09,-2.0229513477904e-06,0.000230802254934042
411.024768,0.000679721320407689,1.5763337966682e-08,0.00217899249983339,0.00285872958357904,-0.00215863562259102,-2.95769177632856e-07,5.29293388424614,5.29077495285437,0.000367821840074595,-4.74414166054616e-09,0.0015741573936795,0.00194197448961243,-7.73617681012595e-05,-6.97425720360552e-10,4.4275733518355e-06,-7.29348921751444e-05
414.694632,-0.000767022418556845,-1.49446590925105e-08,0.00218742708760426,0.00142038972438833,-0.00474741258696854,1.04780205392973e-06,5.22543412161404,5.22068775682913,-0.000441261401572177,2.72911936926065e-08,0.0015817470115574,0.00114051290117892,-0.000464047541196128,3.04305441013976e-08,3.43997110099021e-06,-0.000460577139551036
418.364496,-0.00074302943347644,-3.9713112215918e-09,0.00218789734825544,0.00144486394346778,0.0311875177983055,-1.19861778607474e-06,5.15777278242959,5.18895910161011,-0.000341728130984276,-3.96194984463393e-08,0.0015820524424237,0.00124028469194098,0.000529033538959249,-4.60192236361634e-08,-2.70770756730558e-06,0.000526279812168308
422.03436,0.00049419626328777,1.90212556450261e-09,0.00218085561833463,0.00267505378374797,0.0212398039337021,1.92033414854623e-07,5.09023781380909,5.1114778097762,0.000464060900375556,4.71405315766192e-09,0.00157560798050447,0.00203967359493318,5.21528002411216e-05,1.9376039309039e-08,-3.59379689299717e-06,4.85783793874335e-05
425.704224,0.000237526478358837,-8.77249116179632e-11,0.00217892791775412,0.00241645430838804,-0.00490143755234265,9.79748962589967e-08,5.02286932045927,5.01796798088182,0.000342095303615748,1.0923808180051e-08,0.00157382243639748,0.00191592866382141,-0.000106438170017171,-9.77082273744826e-09,1.67070407081664e-06,-0.000104777236769091
429.374088,-0.000755516816812215,1.43982493294932e-08,0.00218522102129948,0.0014297186027366,-0.0115918194838369,6.00000941588962e-08,4.95541806669569,4.94382630721195,-0.000253696003567835,-1.90435119676555e-08,0.00157942439256823,0.00132570934548842,-0.000301258159305902,1.3442008318558e-08,3.95313820632369e-06,-0.00029729157909126
433.043952,-0.000334677877115346,-3.18946973722812e-08,0.00218922975245643,0.00185451998064371,0.00514126813136657,-4.82330144258972e-07,4.88777762217237,4.89291840797359,-2.87499201167455e-05,-7.50800378265228e-09,0.00158292829748033,0.00155417086935981,0.000417408788364398,1.98107857939661e-09,-9.51348705086594e-08,0.000417315634572468
436.713816,0.000430175270482552,1.12517070245021e-08,0.00218526091414804,0.00261544743633761,-0.0121061461871571,1.84732945450416e-07,4.82014144341668,4.80803548196247,0.000354162110877514,1.05041467278106e-08,0.00157927164549566,0.0019334442605199,-0.000148447680757336,-7.21060037179852e-09,-3.20940780803674e-06,-0.000151664299165744
440.38368,-2.41683004508092e-05,-2.96374408806617e-09,0.00218117692524523,0.00215700566105033,-0.0221949244870087,-4.85492104167723e-08,4.75265733676278,4.73046236372656,1.56409596698362e-05,-8.70183097131608e-09,0.00157557361075688,0.00159120586859574,-0.000111953305288501,1.01581996195377e-09,-4.3303075281838e-07,-0.000112385320221357
444.053544,-0.000629454977284746,7.2202886527928e-09,0.00218413425036286,0.00155468649336677,-0.0115006832449624,3.95164680141035e-08,4.68519289440401,4.67369225067552,-0.000406641755086413,1.83971327286508e-08,0.00157823135988269,0.00117160800192901,-0.000180523678841968,1.41989094608472e-08,2.99985919405828e-06,-0.000177509620738449
447.723408,-5.05078145103092e-05,-1.53773815675267e-08,0.00218884070431486,0.00213831751242299,0.0106084189473414,-1.62825801292054e-08,4.61758501515492,4.62819341781968,-6.7364072610761e-05,-9.07476725267621e-09,0.0015824341473301,0.00151506099995209,0.000373911569557967,-1.10769550737928e-08,1.24633595944623e-06,0.00037514682856234
451.393272,0.00029960740789292,1.55615382188555e-09,0.0021874123789421,0.00248702134298884,0.00211717258451118,-6.34790330400899e-08,4.54991764760146,4.55203475670694,0.00014117738568065,-3.78871681804912e-09,0.00158111403850519,0.00172228763546902,-0.000191154897580689,5.33676873993618e-11,-2.40603242804549e-06,-0.000193560876641047
455.063136,-0.000201426422396616,-3.40167096025326e-11,0.00218273339341129,0.00198130693699796,0.00447811881715324,6.4810442915098e-08,4.4823653077137,4.48684349134129,-0.000104762722294554,5.71290435687858e-09,0.00157691462714053,0.00147215761775033,1.32313491944301e-05,-5.01274665215481e-10,-1.7126937467028e-06,1.15181541730621e-05
458.733,-0.000490238211940448,1.02634581221969e-08,0.00218292338118257,0.00169269543270025,0.01315521903013,-6.7683436787339e-08,4.41489589543831,4.428051046785,-0.000227112719024847,4.14037016380919e-09,0.00157712517283581,0.00135001659418113,-6.13689366038932e-05,-6.04115256258764e-09,1.91008964129059e-06,-5.94648881151652e-05
462.402864,7.54573934899235e-05,-1.38583161465083e-08,0.00218747685044318,0.00226292038561695,0.0195907073704896,-9.26596225162077e-08,4.34733737536015,4.36692799007102,0.000177138470296276,-2.0480581916815e-08,0.00158123246663366,0.00175835045634802,0.000329593535973682,9.79819069653747e-09,2.24219215947175e-06,0.00033184552632385
466.072728,0.000173058097659763,-9.17907516298317e-10,0.00218865304251525,0.0023617102222675,-0.00100063635812951,4.61934540156364e-08,4.2796730880424,4.27867249787773,0.00025278539073942,5.22147533856803e-09,0.00158225939824927,0.00183505001046402,-0.00023460692329095,-6.56556167497936e-09,-1.08985600603656e-06,-0.000235703344858661
469.742592,-0.000270810543574813,1.69485162206141e-09,0.0021847923178017,0.00191398346907851,-0.00561294659740782,-8.1393041547766e-08,4.21206013840965,4.2064471104192,-3.70112143950222e-06,-5.62249214528252e-09,0.00157875488830476,0.00157504814437311,3.7203161915901e-05,1.01960723400537e-09,-2.34920494379212e-06,3.48549765793429e-05
473.412456,-0.000310219888208095,1.39465348457048e-09,0.00218270601045136,0.00187248751689675,-0.00600737828344343,-1.29111274638347e-07,4.14455782610588,4.13855031871116,-6.65845075115725e-05,-1.78514942015157e-09,0.00157687054061643,0.00151028424795544,-7.17558000936068e-05,3.66332255520261e-09,4.28550597263085e-07,-7.13235861737885e-05
477.08232,0.000151286462417026,-5.01715109020696e-09,0.00218588036365918,0.00233716180892512,-0.00579289760081089,1.30449647368862e-07,4.07703455020774,4.07124178305657,0.000169774918637475,7.54972159859631e-09,0.00157971696846391,0.00174949943682298,0.000191240654410093,3.52551421135508e-09,2.41967159104442e-06,0.000193663851515349
480.752184,2.56690902501561e-05,-4.11017336231943e-09,0.00218892412282743,0.00221458910290423,-0.0174618184928063,-3.85311904475459e-08,4.00939623556401,3.99193437854001,2.26891140364715e-05,-1.07460805281048e-08,0.0015824205789617,0.00160509894691764,-0.000274879313725148,-6.32987052447627e-11,4.12494013133998e-07,-0.00027446688301072
484.422048,-0.000282664114324526,1.03305986406048e-09,0.00218704510256284,0.00190438202129818,-0.00735836771133051,-4.09563103093895e-08,3.94173819066523,3.93437978199759,-0.000190394930918212,8.25890069075563e-09,0.00158068890208234,0.00139030223006482,8.11773257039722e-05,-7.3826029870593e-10,-1.99893928267818e-06,7.91776481609953e-05
488.091912,-0.000195096783679419,5.89970831105043e-10,0.00218391383752577,0.00198881764381718,0.00218536153892446,-3.11095543094841e-08,3.87417450300023,3.8763598334296,-0.00016989080579932,5.49156816699477e-09,0.00157785092151922,0.00140796560728807,-4.03306121852368e-05,-2.20358472815675e-09,-8.09517241293566e-07,-4.11423330112585e-05
491.761776,0.000180451584151293,-3.09986808049908e-10,0.00218500354233052,0.00236545481649501,0.0086225153237389,4.12700557969667e-08,3.80664840019062,3.81527095678441,8.29942951129643e-05,-8.06136359047425e-09,0.00157882300394413,0.00166180923769351,0.00018377946354167,1.1903508128616e-09,1.73992607288003e-06,0.000185520579965363
495.43164,-7.02149982084326e-05,-5.13717247335276e-09,0.00218837200321416,0.00211815186783325,0.00278607220169504,5.49377964710356e-08,3.73903896765796,3.74182509479745,-4.78771324367581e-05,3.34345711234151e-09,0.00158183544585044,0.0015339616568708,-0.000220823501370761,1.88387371452896e-09,1.2907871697648e-06,-0.000219530830327282
499.101504,-0.000251397978490017,1.32945331437584e-09,0.00218835458024696,0.00193695793121025,0.0119894913745078,-1.10906702674819e-07,3.67136796288101,3.68335734334881,-8.80726397094019e-05,-5.62640736420203e-09,0.00158179652927847,0.0014937182631617,0.000166903290321051,-5.24788959237073e-09,-1.24035430100898e-06,0.00016565768813045
502.771368,-0.000106275555524634,2.72135719430395e-10,0.00218525109118167,0.00207897580779275,0.0107095950639075,-4.68593809974916e-08,3.60375601432294,3.61446556252747,2.80917893309888e-05,-3.09651783304509e-09,0.00157899891384636,0.00160708760665951,-3.61989754868298e-05,-3.17469367424001e-10,-1.4969862832978e-06,-3.76962792394951e-05
506.441232,0.000143521147981793,-1.39626811036806e-09,0.0021845093891494,0.00232802914086308,0.00533013823391841,3.15304020821883e-08,3.53621560323964,3.54154577300396,0.000220603551600508,5.80015562027081e-10,0.00157834440409419,0.00179894853571026,0.000141062797458864,5.47820984984434e-09,8.37643204346685e-07,0.000141905918873061
510.111096,-0.00013722807535461,-1.82330427003162e-09,0.00218733385836767,0.00205010395970879,-0.00774997977343484,2.11261333320524e-08,3.4686359263036,3.4608859676563,3.29369916499093e-05,-6.22529371196341e-09,0.00158089204253261,0.00161382280888881,-0.000226892938707447,-6.88022484855495e-10,1.70987655585294e-06,-0.000225183750174079
513.78096,-0.000180413841156844,-3.0210975653512e-09,0.00218886500864814,0.00200844814639373,-0.00437790905348874,-9.77066837362003e-08,3.40097533346307,3.3965973267029,-7.93088268078692e-07,1.86423718676133e-10,0.001582258328389,0.00158146542654464,0.000152299345177564,1.95343402462395e-09,-2.9760994114946e-07,0.000152003688670439
517.450824,-3.22268189844595e-05,-1.5531188248251e-10,0.0021866119397817,0.00215438496548535,-0.0089276125768548,-5.88095620280213e-09,3.33332880192898,3.32440118347117,2.53595188230138e-05,9.61349002148049e-10,0.00158021847357746,0.00160557895374947,-0.00010882185473299,5.79256340087086e-10,-1.70152005266817e-06,-0.000110522795529318
521.120688,9.16159261950403e-05,-1.18908043596931e-10,0.00218454120949935,0.00227615701678635,-0.00888790697056912,3.87198115411313e-08,3.26576286538092,3.25687499713017,6.81676312958778e-05,2.45852523811807e-09,0.0015783553932545,0.00164652548307562,8.42414732110925e-05,-6.21952897011419e-10,-1.67190957448111e-07,8.40736603007474e-05
524.790552,-0.000180446312919932,-1.5974984890292e-09,0.00218616665383693,0.00200571874341851,-0.00986462178161616,1.00886086576384e-08,3.19820484713483,3.18834023544182,-0.00015210712720286,-2.32899560778403e-10,0.00157982015046334,0.00142771279036092,-0.000202675866094979,5.10754521854186e-09,1.62646660429399e-06,-0.000201044291945467
528.460416,-0.000104638019986021,-2.92567153698664e-09,0.00218868786387316,0.0020840469182156,0.00333194136284313,-3.19917744200975e-08,3.13056975398108,3.13390166335215,-0.000100494271402854,-4.30352310152745e-11,0.00158207758537458,0.00148158327093649,0.00018635994015098,-5.02186779426173e-09,6.7908546530786e-07,0.000187034003748494
532.13028,4.12029134673558e-07,-5.51049510707303e-11,0.0021879418330502,0.00218835380707992,0.00452709183944762,1.65436141111842e-10,3.06290242773872,3.06742951974361,-4.73547532185314e-05,5.4002786310721e-11,0.00158138668776643,0.00153403198855068,-9.83423892897406e-05,8.88765860803374e-11,-1.30176481511007e-06,-9.96440652282646e-05
535.800144,5.57672943891556e-05,-3.67351447925754e-11,0.00218541825309558,0.00224118551074959,0.00821009733576179,-2.36148491278338e-09,2.99529657256784,3.00350666754212,4.10991272457236e-05,-3.48705744099801e-09,0.0015791029067833,0.00162019854697158,0.000121095218799822,4.44998589405772e-10,-9.61136712941421e-07,0.00012013452708547
539.470008,-0.000209096432837088,3.17486691838511e-10,0.0021855119464498,0.0019764158310994,0.00626037710692951,3.4762768663222e-08,2.92773582720193,2.93399623907163,-9.60377774209241e-05,2.348487675386e-09,0.00157918159995366,0.00148314617102041,-0.000150760451874566,-2.56756236889277e-10,1.01977079253498e-06,-0.000149740937838268
543.139872,-4.32547434162483e-05,-4.4568464474073e-09,0.00218802986410605,0.00214477066384336,0.0118033661008149,-6.66947177754871e-08,2.86012625730703,2.87192955671312,6.67220030647502e-05,-9.75953151811917e-09,0.0015814380679907,0.00164815031152393,0.000223926482545676,1.96581271689326e-09,1.2412720349862e-06,0.000225169720393379
546.809736,1.79608376100449e-05,-3.10199663804771e-10,0.00218870779256636,0.00220666831997675,0.00141623481042668,8.31701007966505e-09,2.79245758324173,2.79387382636916,0.00010489930875358,4.25230917335852e-10,0.00158203398914418,0.00168693372312868,-0.000140619210431484,-9.41039881489533e-10,-5.96855381384839e-07,-0.00014121700685275
550.4796,3.52162016478599e-06,-9.28734369396953e-10,0.00218654186010128,0.00219006255153169,-0.00243424282644204,-9.43087469792322e-09,2.7248172343916,2.72238298213428,0.000116142209691645,2.23997020671509e-10,0.00158007713971852,0.00169621957340718,0.000102551829703101,1.97148075745773e-09,-1.31768095133101e-06,0.000101236120232528
554.149464,-0.000188024170160487,5.33984089124721e-10,0.00218535109489247,0.00199732745871608,-0.00888546234989109,-1.19009210342726e-08,2.65723951401381,2.648354039763,-4.33965284683306e-05,-3.79251046899447e-09,0.001579008251705,0.0015356079307262,-0.000174406561528207,2.35046174959175e-09,2.5087084968952e-07,-0.000174153340216768
557.819328,2.1834237943631e-06,-4.89869622039441e-09,0.00218716120033084,0.00218933972542898,-0.00466356383241873,6.07418979993698e-09,2.58965000156543,2.58498644380721,5.07035515602183e-05,3.64794345212027e-09,0.00158064010545924,0.00163134730496291,0.000180056073736934,1.22103094705027e-09,1.3724382662981e-06,0.000181429733034179
561.489192,1.1719667181615e-05,-6.73563892287097e-10,0.00218884443413878,0.0022005634277565,-0.0106673609095499,-5.68650382094874e-09,2.52199542437211,2.51132805777605,-8.94507796177872e-06,-2.82401847037029e-09,0.00158215004937422,0.00157320214739397,-0.000186633076992153,1.40865213239744e-10,1.53658526092942e-07,-0.000186479277600847
565.159056,-2.1919648131738e-05,-8.26801139411096e-10,0.00218757005782031,0.00216564958288743,-0.00481673041799594,2.6233349259884e-09,2.45433354191625,2.44951681412159,-4.18022282620869e-05,1.53196384080583e-09,0.00158099655006448,0.00153919585376624,0.000107026927933115,-1.3777492237588e-09,-1.2811708014748e-06,0.000105744379382417
568.82892,-0.00015978392614978,8.36582754289359e-11,0.00218558841753717,0.00202580457504566,-0.00175271016095495,8.2505429916353e-10,2.38673243154604,2.38497972221014,-0.00015942728740457,3.08702593537974e-09,0.00157921323361868,0.00141978903324005,-0.000142907629086532,1.90494263565102e-09,-4.96586798624739e-07,-0.000143402310942521
572.498784,4.67246054738444e-05,-2.85390463617045e-09,0.00218629168349177,0.00223301343506097,0.0081799611669016,1.4430131203374e-08,2.31915495738969,2.32733493298672,1.45068628367224e-07,-6.54867216441809e-09,0.00157984972060751,0.00157998824056371,0.000200635453237131,-1.47685023673709e-09,1.12788594332491e-06,0.000201761862330219
576.168648,-3.16238618434369e-05,-1.30151905890957e-09,0.00218845200981233,0.00215682684644984,0.00507216883833987,7.02070643882483e-09,2.2515241132775,2.25659628913655,-4.43336058109859e-05,1.49650378267573e-09,0.00158179187220769,0.00153745976290049,-0.000157862656096728,5.69671303095302e-10,8.28709231427881e-07,-0.000157033377193997
579.838512,1.18285466477218e-06,-1.05414396531538e-09,0.00218841672321618,0.00218959852373698,0.00946464999881856,-1.6052196693061e-08,2.18385400764936,2.19331864159598,4.65613654874157e-05,-5.11091057828215e-09,0.00158175172082722,0.00162830797540406,0.000164887230597223,5.66221326076592e-10,-8.38441965022251e-07,0.000164049354853526
583.508376,-0.000162910991130909,4.87334983332204e-10,0.00218633932255059,0.00202342881875466,0.00497723623650106,7.96069863458437e-09,2.11622354527188,2.12120078946908,-4.63065183571171e-05,-5.6275588713618e-10,0.00157987510463283,0.00153356802351982,-0.000146839595552818,-4.6945657216504e-10,-1.0239140167102e-06,-0.000147863979026101
587.17824,7.31648562252992e-05,-4.06332302916011e-09,0.00218581805333569,0.00225897884623796,0.0063106196848074,5.10727195425842e-09,2.04864143200174,2.05495205679381,0.000149920485719197,-3.65336324071909e-09,0.00157940394543366,0.00172932077778962,0.000214726419141939,5.44655999550993e-09,5.44758218470837e-07,0.000215276623920405
590.848104,-4.58952812779861e-05,-1.31215136049445e-09,0.00218772684908823,0.00214183025565888,-0.0055791283001449,9.47272983247008e-09,1.98103334223753,1.97545422341012,3.98275680171602e-05,-2.94112181336806e-09,0.00158111963324154,0.00162094426013689,-0.000206762320632702,-9.31349240744406e-10,1.17188531347627e-06,-0.000205591366668467
594.517968,2.61759141129277e-05,-1.91546267393289e-09,0.0021888143551882,0.00221498835383846,-0.0054433654657502,-8.35588447672196e-10,1.9133696455897,1.90792627928836,0.000104991859561583,1.9902609427796e-09,0.00158209065562356,0.00168708450544609,0.000144915114379794,1.88235147401207e-09,-1.71371694093442e-07,0.000144745625037174
598.187832,-0.000242519048449397,1.11909980043892e-09,0.002187318595546,0.00194480066619641,-0.00948973682981318,-1.58234391321082e-08,1.8457140138654,1.83622426121215,-0.00014508761733748,-1.71280312173371e-09,0.00158073317438655,0.00143564384424595,-0.000214784111624989,4.4575394712551e-09,-1.14981739762503e-06,-0.000215929471483143
601.857696,0.000222294744291365,-5.45211887851756e-09,0.00218591466708728,0.00240820395925977,-0.00267953841567442,1.33727018897211e-07,1.77811269561837,1.77543329092972,0.000141580028809369,1.73643447730322e-09,0.00157946134004784,0.00172104310529169,0.000290453092072134,1.96015604976535e-09,-1.10346148938357e-07,0.000290344706079245
605.52756,-7.97415895162379e-05,-7.9285127817213e-09,0.00218705039486324,0.00210730087683422,-0.0119854671771871,9.47899133798379e-09,1.71051634509,1.69853088739181,-0.000106458412129777,-9.57721130873755e-09,0.00158048273460911,0.00147401474526802,-0.000390772674190833,6.03628799917388e-09,1.11627518955815e-06,-0.000389650362713276
609.197424,-0.000165112920799049,-6.83159750842553e-09,0.00218875297332571,0.00202363322092915,0.00515959092544564,-7.04527173918573e-08,1.64286693777341,1.64802645824614,-0.000149273142168921,-2.77041104199285e-09,0.00158202066877998,0.00143274475620001,0.000314447416730171,-8.30030685429711e-09,3.97813521479359e-07,0.000314836929944796
612.867288,8.12769725748407e-05,-3.28179410819154e-10,0.00218805445103607,0.0022693310954315,0.00360549291134055,-2.42487473728865e-09,1.5751986462283,1.57880413671477,-9.84708494171451e-06,-9.39094512866141e-10,0.00158139702271587,0.00157154899867964,-0.000175529904438159,2.73024987098545e-10,-1.04198091298341e-06,-0.000176571612326155
616.537152,0.000141901816527373,-7.29642443915449e-11,0.00218610618608082,0.00232800792964395,0.00683951950815724,2.43056798993544e-08,1.50757952794801,1.51441907176185,9.83441062156142e-05,-4.0766452169144e-09,0.0015796395413353,0.0016779795709057,0.000168026355443877,2.18353796690218e-09,-7.31597726817446e-07,0.000167296941255027
620.207016,-0.000449559456663077,4.10969345332116e-09,0.00218622695375159,0.00173667160678197,0.00623131255625939,5.44585379464235e-08,1.43999445284681,1.4462258198616,-0.000298181214073761,4.17952666446287e-09,0.00157973397382203,0.00128155693927494,-0.000252781424172335,2.22258703349531e-09,8.16808232912775e-07,-0.000251962393352389
623.87688,0.000537479387299695,-8.13585774774112e-09,0.00218823703903054,0.00272570829047249,0.0128878493550981,2.99510334675462e-07,1.37236986396079,1.38525801282622,0.000429520427486299,-1.06380118814183e-08,0.00158152925100647,0.00201103904048089,0.000540937698686208,2.73092694895728e-08,9.76508688514842e-07,0.000541941516644212
627.546744,-0.000471313356452427,-2.84953583417278e-08,0.00218874332054123,0.00171740146873047,-0.0106404844985504,3.78906336024954e-07,1.30469856211245,1.29405845652024,-0.000225137298360366,-2.8561682475489e-08,0.00158198409094037,0.00135681823089753,-0.000830728092162015,1.27458040088127e-08,-5.26483428238367e-07,-0.000831241829786245
631.216608,5.44049820952388e-05,-7.79204626739444e-08,0.0021868848043662,0.00224121186599876,0.0166427455246635,-1.50047766362538e-08,1.2370523291762,1.25369505969609,5.63508463626551e-05,-5.25410458164338e-08,0.00158032192703562,0.00163662023235246,0.00109682885711371,1.35687864208118e-08,-1.15086044028973e-06,0.00109569156545984
634.886472,0.00057403021653577,-6.87550977496102e-08,0.00218578586386444,0.00275974732530246,-0.0281699714627509,-6.11381320747207e-07,1.16946088888467,1.1412903060406,0.000539048540698461,-6.8698129163663e-08,0.00157933878749459,0.00211831863006389,-0.00120343748285722,-6.70221240343068e-08,1.55637841849281e-07,-0.0012033488671394
638.556336,-0.00130455323908815,-9.67684027494151e-09,0.00218728260839295,0.00088271969246452,0.0103427315651983,-1.75921317908382e-06,1.10186199275703,1.11220296510905,-0.000998806516644855,1.64590146357939e-08,0.00158067675922542,0.000581886701595198,0.00097143663885854,-8.63929241687733e-08,1.19514501959935e-06,0.000972545390953971
642.2262,0.00171044191018098,8.58923353053152e-08,0.00218886320758006,0.00389939101009634,-0.0164271820584692,-7.01516610740817e-07,1.03420614780663,1.01777826423155,0.00129714407785063,4.43436030263876e-08,0.00158208433527613,0.00287927275672978,-0.000579708737746351,-7.70881287138083e-08,2.48501209237403e-07,-0.000579537324665828
645.896064,-0.00175559091478923,1.01444339910631e-07,0.00218794001366008,0.000432450543210754,-0.00465567846051953,-3.55345671504851e-07,0.966538485352905,0.961882451546714,-0.0014199876440751,1.08939655029874e-07,0.00158124933952553,0.000161370635105465,6.06489420015214e-05,-2.52547942378301e-09,-1.05120057832283e-06,5.95952159437747e-05
649.565928,0.00148991161866041,6.84718686297878e-08,0.00218617026970311,0.00367615036023216,0.00726875769500924,8.42550070062623e-07,0.898921063130433,0.906190663375512,0.00112149582163249,3.00195045232201e-08,0.00157966552054069,0.00270119136167771,0.000333583162688273,3.6786265314056e-08,-5.21959388643035e-07,0.000333097989564944
653.235792,-0.00114999414821832,2.54024247034427e-08,0.00218657405012202,0.00103660530432841,-0.00652534281631761,6.07098014171496e-07,0.831328908309098,0.824804172590794,-0.000978495477642754,4.5433677090823e-08,0.00158003726070557,0.000601587216739903,-0.000598283323399544,4.88891106378811e-08,8.94906541420777e-07,-0.000597339527747486
656.905656,0.00073333783609032,-1.74620439622728e-08,0.00218843179069331,0.00292175216473967,0.0210371651308094,7.33989864914923e-07,0.763694583427714,0.784732482548389,0.00058052372765822,-3.54220185533635e-08,0.00158170730059839,0.00216219560623806,0.000786211461286251,4.77782691475726e-08,7.86885645717454e-07,0.000787046125201116
660.57552,-0.000289355418979406,-3.18889170341978e-08,0.00218858545887145,0.00189919815097501,-0.00637089670615499,2.48472199168374e-07,0.696022973681744,0.689652325447788,-0.000251693744446781,-9.14837454394242e-09,0.00158183974934712,0.00133013685652579,-0.000775390468512139,1.46042809086219e-08,-6.33623060681297e-07,-0.000776009487291912
664.245384,-0.000101508333163063,-2.96734309121591e-08,0.0021868212215756,0.00208528321498163,0.0174517374962264,-1.16604473650952e-07,0.628381503563133,0.645833124454886,1.39339659591797e-05,-3.73127774006051e-08,0.00158025290519724,0.00159414955837902,0.000700548823544505,3.13609774528881e-09,-9.39758046563179e-07,0.000699612201595687
667.915248,0.000313135748681989,-8.8448030560599e-09,0.00218617346133981,0.00249930036521874,-0.00545972277229454,-8.46691366617911e-08,0.560784897080578,0.555325089639147,0.000270513043628037,-3.23386811303309e-10,0.00157967708406959,0.00185018980431082,-0.000491988669544262,-1.28748566294221e-08,3.65974777308962e-07,-0.000491635569623583
671.585112,-0.000361032397253245,-2.07434038804022e-09,0.00218772978316297,0.00182669531156934,0.00142147996908425,-1.84152650994195e-07,0.493171269098645,0.494592564915078,-0.000196184560413573,-5.54825148419673e-09,0.00158108186434706,0.001384891755682,0.000302180776985539,-2.62292320544656e-09,1.04199630581677e-06,0.00030322015036815
675.254976,0.000345176518756552,2.76406535267574e-09,0.00218882081148506,0.00253400009430696,-0.00811371105497881,1.63083272863128e-08,0.42550838737785,0.417394692631199,0.000297488569905827,4.56852080798982e-09,0.00158206126372149,0.00187955440214813,-0.000173169375930052,-5.9141718845172e-09,-5.06409681617623e-08,-0.000173225931070098
678.92484,-0.000294162945181234,2.50466254470296e-09,0.00218760760547525,0.00189344716495656,-0.0079407936973651,-6.75116233368023e-08,0.357847915139019,0.349907053930031,-0.000215243225439713,3.16526698336265e-09,0.00158096602054196,0.00136572596036923,1.48871778942746e-05,1.44700477159549e-09,-1.03229367264112e-06,1.38563312264051e-05
682.594704,0.00019736522514419,4.31978772815993e-10,0.00218619345711442,0.00238355911423738,-0.00513695214389518,5.85186004664243e-08,0.290236412925945,0.28509951930065,0.000114089277972474,2.06319973165371e-09,0.00157969395882819,0.0016937853000004,4.02436178044782e-05,-1.15741484559909e-09,-2.36716895124754e-07,4.00057434945079e-05
686.264568,-3.87668326715581e-05,-1.77199814192994e-10,0.00218699759518805,0.00214823058531668,-0.00642055047372234,-4.2704494062988e-09,0.222636213312293,0.216215658568121,-9.74493576220972e-05,-1.48975186934795e-10,0.00158041968530267,0.00148297017870538,-0.000103586580736408,9.28860810934251e-10,9.60361913969905e-07,-0.000102625289961627
689.934432,-6.36813627819304e-05,-6.60078573240405e-10,0.00218863525444599,0.00212495323158548,0.00198288917305642,-9.80560329511825e-09,0.154990528621624,0.156973407989077,-0.000112949110747563,5.70200175202252e-10,0.00158189257939325,0.00146894403884587,7.09419593082624e-05,-2.31292839225476e-09,5.15962480597088e-07,7.14556088604672e-05
693.604296,0.000117728623697202,5.16345709932434e-10,0.00218831573162824,0.00230604487167115,0.00447029717764129,1.80989880831346e-08,0.0873203811853676,0.0917906964619969,2.3267024952289e-05,-1.88205444245374e-09,0.00158160230151663,0.00160486744441448,-9.73370216997912e-06,2.99957643474818e-10,-7.95984319463919e-07,-1.05293865317996e-05
697.27416,-8.47906483112532e-05,2.68196323854528e-10,0.00218661069711657,0.00210182031700164,0.00704014968145096,-7.85619591600021e-09,0.0196880164877433,0.0267281583129983,-9.85187274809797e-05,-2.37864946204568e-10,0.00158006769487308,0.00148154872952715,1.49791389141877e-06,-1.0395970842533e-09,-7.3025319734813e-07,7.66621096986388e-07
700.944024,9.27009936182921e-05,7.62131757013783e-11,0.0021864491597034,0.00227915022953486,0.00845237395810734,1.62345931782897e-08,-0.0479095948731395,-0.0394572046804389,7.63288013436828e-05,-1.99653628267226e-09,0.00157992530674399,0.00165625211155139,6.01466562768296e-05,1.57157241934402e-09,5.88702143444171e-07,6.07369299926931e-05
704.613888,-3.88196420457052e-05,1.38681849280354e-10,0.00218809939367166,0.00214927989030781,0.00464059012863806,-2.91611318047995e-09,-0.11553498226722,-0.110894395054695,3.62994208461408e-06,-5.38434553471576e-10,0.00158141281965777,0.00158504222330783,-4.04831073735274e-05,-1.03703349368242e-10,8.96645849759973e-07,-3.95865652271168e-05
708.283752,3.78794243600757e-05,-4.35493131377621e-10,0.00218872827172319,0.00222660726059014,0.00267761046626447,2.27950815324853e-09,-0.183202827118486,-0.180525214372714,8.70704387597559e-05,-2.52291564401815e-10,0.00158197818157581,0.001669048368044,5.95549333014331e-05,1.76252436212606e-09,-3.28894011050097e-07,5.92278018147451e-05
711.953616,1.12449641165718e-05,3.10093116085495e-11,0.00218726405179722,0.00219850904692311,-0.00340858352272688,-3.4906187540363e-11,-0.250855073898832,-0.254263657456465,5.3701045435663e-05,4.48900383122875e-10,0.00158065882279184,0.00163436031712789,-5.21545194164218e-05,2.48204889963197e-10,-9.83200775773632e-07,-5.31374719873055e-05
715.62348,4.08722114904031e-05,-3.8290397771234e-10,0.00218622545128188,0.00222709727986831,-0.00612905343656596,4.61536402222907e-09,-0.318460662492106,-0.324589711313307,5.6625296764364e-05,2.03819997889696e-09,0.00157972453572411,0.00163635187068845,2.68357154914689e-05,5.59760976864896e-10,5.3746734690782e-08,2.68900219871366e-05
719.293344,-4.77159180924547e-06,1.91690462574183e-11,0.00218739579887276,0.00218262422623256,-0.00893247417096518,-1.03398092477167e-09,-0.386068706704982,-0.395001181909928,-1.07462216171407e-05,2.88817470378023e-10,0.00158078053187474,0.00157003459907507,-7.73103321739181e-05,5.28086694985696e-11,9.9895316623477e-07,-7.63113261990138e-05
722.963208,5.59203262654671e-06,-1.00011012716122e-09,0.00218876086439548,0.0021943518969119,-0.00556876682737968,3.62400430001451e-09,-0.453724037550677,-0.459292800754053,-4.7729236771785e-05,2.18457001931099e-09,0.00158201188097614,0.00153428482877438,5.00536522747769e-05,-9.85337820491143e-10,2.24251279743118e-07,5.02769182166996e-05
726.633072,9.16266467230227e-05,2.82931872524775e-10,0.00218796083825871,0.00227958776791361,-0.0047375537513325,1.46128086938464e-08,-0.521389980431188,-0.526127519569711,-1.12581231420468e-05,-1.07002210591195e-09,0.00158129304666689,0.00157003385350273,-6.22846439580845e-05,-6.8409111150848e-10,-9.47752609204554e-07,-6.32330806584005e-05
730.302936,-5.5903497551165e-05,-1.46208755581632e-10,0.00218634640064061,0.00213044275688069,0.000970881817188961,-5.67689652334751e-09,-0.589010992226852,-0.588040116086559,-0.0001288622081132,7.84365569038106e-10,0.00157983992075812,0.00145097849701049,2.40000569233385e-05,-1.3951380309347e-09,-5.04060839517244e-07,2.34946009457903e-05
733.9728,8.64940014193509e-05,2.02465531637003e-10,0.00218667859419671,0.0022731727980816,0.0053218875046426,2.09469141918974e-08,-0.656608095544846,-0.651286187093289,-6.12446465777196e-06,-2.04085389604877e-09,0.00158013899710508,0.00157401249159341,1.08553140589527e-05,-3.35284358596707e-11,8.04048438931751e-07,1.16593289694485e-05
737.642664,-1.87402190088551e-05,2.16848634561478e-11,0.00218839291492636,0.00216965271760237,0.00777959985038129,2.01559860986438e-09,-0.724243301498879,-0.7164636996329,-6.36427104642421e-05,-1.28945046759089e-09,0.00158168312683045,0.00151803912691574,1.50776623306082e-05,-5.50772435622589e-10,7.35451516470978e-07,1.58125630746436e-05
741.312528,9.1835936714419e-05,2.54356265542924e-10,0.00218854725690667,0.00228038344797735,0.00798767632966987,1.53273952299977e-08,-0.791913365022505,-0.78392567336544,6.39212862175382e-05,-1.17959388635376e-09,0.00158182353108897,0.00164574363771262,3.34023501653229e-05,1.31509050763727e-09,-6.00525190767947e-07,3.28031400650626e-05
744.982392,-2.17635538918096e-05,1.57750929919298e-10,0.00218686082390039,0.00216509742775951,0.00496132763381546,-2.39978038462855e-09,-0.859554946777187,-0.854593621543152,8.8003324631819e-06,-7.55088347113894e-10,0.00158030606622996,0.0015891056436048,-1.6433641684245e-05,1.57558076342645e-10,-9.16279687511137e-07,-1.73497638136797e-05
748.652256,6.47458256909393e-05,-3.0562492557394e-10,0.002186215445719,0.00225096096578501,0.00216825119251323,7.87420806827716e-09,-0.927153072438375,-0.924984813371653,9.26651284631444e-05,5.36846121496002e-10,0.00157972476723517,0.00167239043254443,4.5187203742003e-05,1.76936370504693e-09,3.38171676714499e-07,4.55271447824226e-05
752.32212,4.00367469172357e-05,-3.90001028236422e-11,0.00218772349804373,0.00222776020596086,-0.00403523021303793,3.88076257424977e-09,-0.994767226008814,-0.99880245234109,6.16918854470541e-05,9.88879169817069e-10,0.00158108284381261,0.00164277571813883,-4.48987568623774e-05,1.55660445932581e-10,1.01548608098885e-06,-4.38831151209426e-05
755.991984,3.75754208216702e-05,-4.11183091072668e-10,0.00218879689058621,0.00222637190022479,-0.00680004332455885,4.65554278357395e-09,-1.06242952836892,-1.06922956703793,3.85680862961026e-05,2.0100236261667e-09,0.00158205166982154,0.00162062176614127,8.71114094380007e-06,3.58561096001713e-10,-5.8364312431369e-08,8.6531351924647e-06
759.661848,4.34911873458855e-05,-1.89441702526126e-10,0.00218756666232857,0.00223105766023275,-0.00873723347532812,9.89034091044307e-09,-1.1300890455816,-1.13882626916658,-3.85089748147771e-07,1.17559761763664e-09,0.00158094706537964,0.00158056315122911,-4.2864206854584e-05,-4.800627621025e-10,-1.05284690838904e-06,-4.39175338257352e-05
763.331712,4.14370974382773e-05,-5.17213030019036e-10,0.00218611183651739,0.00222754841674264,-0.00675080462045567,1.71098579582269e-08,-1.19769859158406,-1.20444937909466,-4.21726427972291e-05,1.16547204361696e-09,0.0015796384510029,0.00153746697367771,2.46318280945469e-08,-9.43138259194923e-10,-2.52486735252032e-07,-2.2879804541668e-07
767.001576,5.68677563298923e-05,-1.34080736737845e-10,0.00218692452683354,0.00224379214908269,-0.00349166241940346,2.23411623437453e-08,-1.265296109578,-1.26878774965624,-6.27798407905596e-05,-3.62103643428067e-10,0.00158037037637259,0.00151759017347839,-2.09669103755234e-05,-9.55554794045098e-10,9.85400312614939e-07,-1.99824656177025e-05
770.67144,5.18740760217897e-05,-1.24793849799999e-10,0.00218861821261058,0.00224049216383852,0.00151441176656194,2.53812474042713e-08,-1.33294032189777,-1.33142588474996,-7.25811712614996e-05,-1.25287992781656e-09,0.00158189740545308,0.00150931498131166,9.85497436234809e-06,-8.36279250313782e-10,5.30397829091893e-07,1.03845359121897e-05
774.341304,4.72279802665307e-05,6.24722984920611e-11,0.00218826503581025,0.00223549307854908,0.00593645286305741,2.06025193606084e-08,-1.40060966643582,-1.39467319297024,-6.05719225108202e-05,-1.64418970346215e-09,0.00158158346184676,0.00152100989514624,7.04055929961478e-06,-3.16329527277122e-10,-8.57766567384131e-07,6.18247640270337e-06
778.011168,5.71695227932586e-05,1.42673044207743e-10,0.0021864248220278,0.00224359448749411,0.00888743466578317,2.20180126893266e-08,-1.46823828805288,-1.45935083136909,-1.88717851497292e-05,-2.169797661409e-09,0.00157992947021499,0.0015610555152676,3.001555702498e-05,3.62504013075955e-10,-7.97340277657729e-07,2.92185792513353e-05
781.681032,7.87463654471424e-05,2.52028577074942e-10,0.00218623259016352,0.00226497920763924,0.00832707066778851,1.4682194277674e-08,-1.53582901088721,-1.52750192553722,3.34914973115448e-05,-1.07413271077853e-09,0.00157975726014704,0.00161324768332587,2.42533158451871e-05,1.13938573293456e-09,6.30236580223973e-07,2.4884691811144e-05
785.350896,6.38567765544165e-05,6.15127887984442e-11,0.00218802740810467,0.00225188424617187,0.00483675325081691,5.52115488666134e-09,-1.60344952995196,-1.59861277117998,6.20642598666526e-05,3.02787186621631e-10,0.0015813751861595,0.00164343974881334,-1.93196300192902e-06,9.35073100608176e-10,9.8135387421224e-07,-9.4967405461617e-07
789.02076,5.78872360651574e-05,-4.26604455915369e-10,0.00218872116002068,0.00224660796948138,0.000763592825605587,2.49291004784053e-09,-1.67111653300984,-1.67035293769133,6.48255967122058e-05,8.97956251324642e-10,0.00158200407847341,0.00164683057314187,2.50357821052282e-05,1.34502524035309e-09,-3.68844531389804e-07,2.46682825990787e-05
792.690624,0.000115596369148693,-7.36274632373586e-10,0.00218707704900052,0.00230267268187458,-0.00529120776187458,2.83932132487774e-08,-1.73876602127202,-1.74405720064069,9.66549683071209e-05,2.7076942229819e-09,0.0015805268948806,0.00167718457088194,-3.16904941420735e-05,-4.673796090886e-11,-1.11515965547888e-06,-3.28057005355132e-05
796.360488,6.18992493929063e-05,-1.44215838608778e-09,0.00218588115838404,0.00224777896561856,-0.00856497909924283,2.60139061380801e-08,-1.80636260293983,-1.81492755602517,9.43810397585744e-06,2.2926889528016e-09,0.00157944997367309,0.0015888903703379,-4.87179736267551e-06,-2.31663439899183e-10,4.43218458889317e-08,-4.82770718022648e-06
800.030352,0.000128858717735832,-1.0051650910736e-09,0.00218719423415012,0.00231605194672086,-0.009829480875566,8.66744574165762e-08,-1.87396125527438,-1.88379064947549,1.20859593979248e-05,8.461501426561e-10,0.00158063263662735,0.00159271944217542,-5.13109915378429e-05,-1.61461657563962e-09,1.13577632915972e-06,-5.01768298252588e-05
803.700216,7.87625720351517e-05,-2.45059867681278e-09,0.00218876616022889,0.00226752628166537,-0.0062013069068484,1.11287789660134e-07,-1.94161373854644,-1.9478149341655,-9.77852895770553e-05,3.43627671589735e-10,0.00158205258927996,0.00148426764333058,1.1062321553995e-05,-1.85504568453044e-09,2.63856265099906e-07,1.13243227734104e-05
807.37008,0.000178012195815679,2.15529386201391e-09,0.00218785054150344,0.00236586489261298,-0.00178183583111351,1.34104526468543e-07,-2.00927870539708,-2.01106040712367,-5.33797386652404e-05,-3.0080533967073e-09,0.00158123298539144,0.00152785023867281,-5.13985590708287e-05,-8.81453988549334e-10,-1.09770055789432e-06,-5.24971410827115e-05
811.039944,0.000108094275549918,-2.20520925385304e-10,0.00218596881056288,0.00229406286559187,0.00627623741637112,2.15039048664012e-07,-2.0768915956283,-2.07061514317288,-0.000145749335700888,-3.97441644931555e-09,0.00157953785815938,0.00143378454804204,6.91921311871566e-05,-1.12861631431091e-09,-5.88143938237849e-07,6.86028586326044e-05
814.709808,0.000268496380639596,1.08155122670892e-08,0.00218636751301,0.00245487470916186,0.00932599924034674,-1.02928877141663e-07,-2.14447661076335,-2.13515071445188,1.76356654737001e-05,-5.82269907908069e-10,0.00157989450327359,0.00159752958647738,-5.18731469996088e-05,2.65092250713446e-09,9.4979025479994e-07,-5.09207058223018e-05
818.379672,0.00019385107529633,1.03798869380586e-08,0.00218838894984641,0.00238225040502968,0.0131975622697423,1.59065203420924e-07,-2.21210671759768,-2.19890899626274,-6.80724243172648e-05,-4.83927563874674e-09,0.00158172192138456,0.00151364465779166,0.000212382643735951,3.60158303611472e-09,8.39327400173767e-07,0.000213225572719161
822.049536,0.000797820966367377,7.81019402268917e-09,0.00218847011998408,0.00298629889654548,-0.00325939182776336,-1.83773437327646e-06,-2.27977662341917,-2.28303785298131,0.000492193689794805,2.16770027126008e-08,0.00158181378038882,0.00207402914718633,-9.80561447617312e-05,-1.41212516501313e-08,-8.16197814344851e-07,-9.88864638277262e-05
